classes,train_accuracy,train_sensitivity,train_specificity,train_precision,test_accuracy,test_sensitivity,test_specificity,test_precision
1,1,1,1,1,1,1,1,1
2,0.971428571428571,0.942857142857143,0.985714285714286,0.970588235294118,0.933333333333333,0.866666666666667,0.966666666666667,0.928571428571429
3,0.971428571428571,0.971428571428571,0.971428571428571,0.944444444444444,0.933333333333333,0.933333333333333,0.933333333333333,0.875
